{"model_name": "Sequential", "layers_count": 4, "input_dims": 2, "loss_func": "CrossEntropyLoss", "layers": [{"layer_name": "linear0", "layer_type": "Linear", "layer_params": ["W", "b"], "layer_args": {"out_dims": 10, "in_dims": 2, "activation": null}}, {"layer_name": "leakyrelu0", "layer_type": "LeakyReLU", "layer_params": [], "layer_args": {"alpha": 0.03}}, {"layer_name": "linear1", "layer_type": "Linear", "layer_params": ["W", "b"], "layer_args": {"out_dims": 10, "in_dims": 10, "activation": "relu"}}, {"layer_name": "linear2", "layer_type": "Linear", "layer_params": ["W", "b"], "layer_args": {"out_dims": 2, "in_dims": 10, "activation": "softmax"}}]}